target,prediction_0_for_negative_1_for_positive
0,0.3289250665636999
0,0.3289250665636999
0,0.20513659765194875
0,0.3289250665636999
0,0.3289250665636999
1,0.5921014087411841
1,0.5921014087411841
1,0.7114579364988527
1,0.7114579364988527
1,0.5921014087411841
