target,prediction_0_for_negative_1_for_positive
0,0.06969668
0,0.06969668
0,0.06969668
0,0.06969668
0,0.06969668
1,0.9303033
1,0.9303033
1,0.9303033
1,0.9303033
1,0.9303033
