target,prediction_0_for_negative_1_for_positive
0,0.49999999999999994
0,0.49999999999999994
0,0.49999999999999994
0,0.49999999999999994
0,0.49999999999999994
1,0.49999999999999994
1,0.49999999999999994
1,0.49999999999999994
1,0.49999999999999994
1,0.49999999999999994
