feature,mean_importance
SepalLengthCm,0.0954439407397625
SepalWidthCm,0.1098420832706671
PetalLengthCm,0.24368453056816514
PetalWidthCm,0.3533481881525279
Id,0.6243692034054817
