feature,weight
intercept,0.0007889615031242327
text,-2.4123557378451537
