target,prediction_0_for_negative_1_for_positive
0,0.2254265428153119
0,0.2254265428153119
0,0.03581798341039205
0,0.2254265428153119
0,0.2254265428153119
1,0.6951258204254739
1,0.6951258204254739
1,0.9469848587215095
1,0.9469848587215095
1,0.6951258204254739
